date,time,datasource,animal,gunshot,week
2025-01-01,00:00,datasource1,lion,No,00
2025-01-01,02:00,datasource1,hyena,No,00
2025-01-01,04:00,datasource1,fox,No,00
2025-01-01,06:00,datasource1,hyena,No,00
2025-01-01,08:00,datasource1,hyena,No,00
2025-01-01,00:00,datasource2,fox,No,00
2025-01-01,02:00,datasource2,fox,No,00
2025-01-01,04:00,datasource2,cheetah,No,00
2025-01-01,06:00,datasource2,lion,No,00
2025-01-01,08:00,datasource2,fox,No,00
2025-01-01,00:00,datasource3,cheetah,No,00
2025-01-01,02:00,datasource3,wolf,No,00
2025-01-01,04:00,datasource3,lion,No,00
2025-01-01,06:00,datasource3,tiger,No,00
2025-01-01,08:00,datasource3,lion,Yes,00
2025-01-01,00:00,datasource4,fox,No,00
2025-01-01,02:00,datasource4,lion,No,00
2025-01-01,04:00,datasource4,cheetah,No,00
2025-01-01,06:00,datasource4,fox,No,00
2025-01-01,08:00,datasource4,fox,No,00
2025-01-02,00:00,datasource1,lion,No,00
2025-01-02,02:00,datasource1,tiger,No,00
2025-01-02,04:00,datasource1,tiger,No,00
2025-01-02,06:00,datasource1,lion,No,00
2025-01-02,08:00,datasource1,hyena,Yes,00
2025-01-02,00:00,datasource2,wolf,Yes,00
2025-01-02,02:00,datasource2,tiger,No,00
2025-01-02,04:00,datasource2,fox,No,00
2025-01-02,06:00,datasource2,lion,No,00
2025-01-02,08:00,datasource2,wolf,Yes,00
2025-01-02,00:00,datasource3,tiger,No,00
2025-01-02,02:00,datasource3,cheetah,No,00
2025-01-02,04:00,datasource3,tiger,No,00
2025-01-02,06:00,datasource3,wolf,No,00
2025-01-02,08:00,datasource3,lion,No,00
2025-01-02,00:00,datasource4,lion,No,00
2025-01-02,02:00,datasource4,hyena,No,00
2025-01-02,04:00,datasource4,hyena,No,00
2025-01-02,06:00,datasource4,cheetah,No,00
2025-01-02,08:00,datasource4,wolf,No,00
2025-01-03,00:00,datasource1,tiger,No,00
2025-01-03,02:00,datasource1,fox,No,00
2025-01-03,04:00,datasource1,No,No,00
2025-01-03,06:00,datasource1,fox,No,00
2025-01-03,08:00,datasource1,wolf,No,00
2025-01-03,00:00,datasource2,fox,No,00
2025-01-03,02:00,datasource2,hyena,No,00
2025-01-03,04:00,datasource2,fox,No,00
2025-01-03,06:00,datasource2,fox,Yes,00
2025-01-03,08:00,datasource2,wolf,No,00
2025-01-03,00:00,datasource3,fox,No,00
2025-01-03,02:00,datasource3,fox,No,00
2025-01-03,04:00,datasource3,cheetah,No,00
2025-01-03,06:00,datasource3,hyena,No,00
2025-01-03,08:00,datasource3,cheetah,Yes,00
2025-01-03,00:00,datasource4,lion,No,00
2025-01-03,02:00,datasource4,No,No,00
2025-01-03,04:00,datasource4,hyena,No,00
2025-01-03,06:00,datasource4,cheetah,Yes,00
2025-01-03,08:00,datasource4,hyena,No,00
2025-01-04,00:00,datasource1,cheetah,No,00
2025-01-04,02:00,datasource1,wolf,No,00
2025-01-04,04:00,datasource1,fox,No,00
2025-01-04,06:00,datasource1,No,No,00
2025-01-04,08:00,datasource1,cheetah,No,00
2025-01-04,00:00,datasource2,hyena,No,00
2025-01-04,02:00,datasource2,lion,No,00
2025-01-04,04:00,datasource2,fox,No,00
2025-01-04,06:00,datasource2,fox,No,00
2025-01-04,08:00,datasource2,lion,No,00
2025-01-04,00:00,datasource3,cheetah,No,00
2025-01-04,02:00,datasource3,lion,No,00
2025-01-04,04:00,datasource3,hyena,No,00
2025-01-04,06:00,datasource3,fox,No,00
2025-01-04,08:00,datasource3,hyena,No,00
2025-01-04,00:00,datasource4,hyena,No,00
2025-01-04,02:00,datasource4,lion,No,00
2025-01-04,04:00,datasource4,wolf,No,00
2025-01-04,06:00,datasource4,lion,No,00
2025-01-04,08:00,datasource4,tiger,No,00
2025-01-05,00:00,datasource1,wolf,No,01
2025-01-05,02:00,datasource1,fox,No,01
2025-01-05,04:00,datasource1,wolf,No,01
2025-01-05,06:00,datasource1,hyena,No,01
2025-01-05,08:00,datasource1,fox,No,01
2025-01-05,00:00,datasource2,hyena,No,01
2025-01-05,02:00,datasource2,wolf,No,01
2025-01-05,04:00,datasource2,fox,No,01
2025-01-05,06:00,datasource2,fox,No,01
2025-01-05,08:00,datasource2,hyena,No,01
2025-01-05,00:00,datasource3,wolf,No,01
2025-01-05,02:00,datasource3,cheetah,No,01
2025-01-05,04:00,datasource3,lion,No,01
2025-01-05,06:00,datasource3,wolf,No,01
2025-01-05,08:00,datasource3,fox,No,01
2025-01-05,00:00,datasource4,wolf,No,01
2025-01-05,02:00,datasource4,wolf,No,01
2025-01-05,04:00,datasource4,fox,No,01
2025-01-05,06:00,datasource4,lion,No,01
2025-01-05,08:00,datasource4,cheetah,No,01
2025-01-06,00:00,datasource1,wolf,No,01
2025-01-06,02:00,datasource1,hyena,No,01
2025-01-06,04:00,datasource1,fox,No,01
2025-01-06,06:00,datasource1,lion,No,01
2025-01-06,08:00,datasource1,lion,No,01
2025-01-06,00:00,datasource2,fox,No,01
2025-01-06,02:00,datasource2,hyena,No,01
2025-01-06,04:00,datasource2,tiger,No,01
2025-01-06,06:00,datasource2,hyena,No,01
2025-01-06,08:00,datasource2,hyena,No,01
2025-01-06,00:00,datasource3,hyena,No,01
2025-01-06,02:00,datasource3,tiger,Yes,01
2025-01-06,04:00,datasource3,lion,No,01
2025-01-06,06:00,datasource3,No,No,01
2025-01-06,08:00,datasource3,wolf,No,01
2025-01-06,00:00,datasource4,hyena,No,01
2025-01-06,02:00,datasource4,lion,No,01
2025-01-06,04:00,datasource4,hyena,No,01
2025-01-06,06:00,datasource4,tiger,No,01
2025-01-06,08:00,datasource4,lion,No,01
2025-01-07,00:00,datasource1,hyena,No,01
2025-01-07,02:00,datasource1,hyena,No,01
2025-01-07,04:00,datasource1,tiger,No,01
2025-01-07,06:00,datasource1,fox,No,01
2025-01-07,08:00,datasource1,cheetah,No,01
2025-01-07,00:00,datasource2,tiger,No,01
2025-01-07,02:00,datasource2,lion,No,01
2025-01-07,04:00,datasource2,tiger,No,01
2025-01-07,06:00,datasource2,cheetah,No,01
2025-01-07,08:00,datasource2,hyena,No,01
2025-01-07,00:00,datasource3,tiger,No,01
2025-01-07,02:00,datasource3,fox,No,01
2025-01-07,04:00,datasource3,lion,No,01
2025-01-07,06:00,datasource3,cheetah,No,01
2025-01-07,08:00,datasource3,fox,No,01
2025-01-07,00:00,datasource4,fox,No,01
2025-01-07,02:00,datasource4,wolf,No,01
2025-01-07,04:00,datasource4,tiger,No,01
2025-01-07,06:00,datasource4,hyena,Yes,01
2025-01-07,08:00,datasource4,lion,Yes,01
2025-01-08,00:00,datasource1,tiger,No,01
2025-01-08,02:00,datasource1,tiger,No,01
2025-01-08,04:00,datasource1,No,No,01
2025-01-08,06:00,datasource1,cheetah,No,01
2025-01-08,08:00,datasource1,wolf,No,01
2025-01-08,00:00,datasource2,tiger,No,01
2025-01-08,02:00,datasource2,No,No,01
2025-01-08,04:00,datasource2,lion,No,01
2025-01-08,06:00,datasource2,cheetah,No,01
2025-01-08,08:00,datasource2,cheetah,No,01
2025-01-08,00:00,datasource3,lion,No,01
2025-01-08,02:00,datasource3,cheetah,No,01
2025-01-08,04:00,datasource3,fox,No,01
2025-01-08,06:00,datasource3,cheetah,No,01
2025-01-08,08:00,datasource3,fox,No,01
2025-01-08,00:00,datasource4,hyena,No,01
2025-01-08,02:00,datasource4,lion,No,01
2025-01-08,04:00,datasource4,fox,No,01
2025-01-08,06:00,datasource4,cheetah,No,01
2025-01-08,08:00,datasource4,lion,Yes,01
2025-01-09,00:00,datasource1,wolf,No,01
2025-01-09,02:00,datasource1,tiger,No,01
2025-01-09,04:00,datasource1,fox,No,01
2025-01-09,06:00,datasource1,wolf,No,01
2025-01-09,08:00,datasource1,fox,No,01
2025-01-09,00:00,datasource2,tiger,No,01
2025-01-09,02:00,datasource2,tiger,No,01
2025-01-09,04:00,datasource2,hyena,No,01
2025-01-09,06:00,datasource2,tiger,No,01
2025-01-09,08:00,datasource2,hyena,No,01
2025-01-09,00:00,datasource3,wolf,No,01
2025-01-09,02:00,datasource3,cheetah,No,01
2025-01-09,04:00,datasource3,hyena,No,01
2025-01-09,06:00,datasource3,cheetah,No,01
2025-01-09,08:00,datasource3,fox,No,01
2025-01-09,00:00,datasource4,hyena,No,01
2025-01-09,02:00,datasource4,lion,No,01
2025-01-09,04:00,datasource4,cheetah,No,01
2025-01-09,06:00,datasource4,hyena,No,01
2025-01-09,08:00,datasource4,tiger,No,01
2025-01-10,00:00,datasource1,cheetah,No,01
2025-01-10,02:00,datasource1,hyena,No,01
2025-01-10,04:00,datasource1,fox,No,01
2025-01-10,06:00,datasource1,wolf,No,01
2025-01-10,08:00,datasource1,wolf,No,01
2025-01-10,00:00,datasource2,hyena,No,01
2025-01-10,02:00,datasource2,cheetah,No,01
2025-01-10,04:00,datasource2,fox,No,01
2025-01-10,06:00,datasource2,hyena,No,01
2025-01-10,08:00,datasource2,wolf,No,01
2025-01-10,00:00,datasource3,hyena,No,01
2025-01-10,02:00,datasource3,cheetah,No,01
2025-01-10,04:00,datasource3,lion,No,01
2025-01-10,06:00,datasource3,tiger,No,01
2025-01-10,08:00,datasource3,lion,No,01
2025-01-10,00:00,datasource4,wolf,No,01
2025-01-10,02:00,datasource4,tiger,No,01
2025-01-10,04:00,datasource4,tiger,No,01
2025-01-10,06:00,datasource4,fox,No,01
2025-01-10,08:00,datasource4,cheetah,No,01
2025-01-11,00:00,datasource1,cheetah,No,01
2025-01-11,02:00,datasource1,fox,No,01
2025-01-11,04:00,datasource1,hyena,No,01
2025-01-11,06:00,datasource1,fox,No,01
2025-01-11,08:00,datasource1,cheetah,No,01
2025-01-11,00:00,datasource2,cheetah,No,01
2025-01-11,02:00,datasource2,hyena,No,01
2025-01-11,04:00,datasource2,hyena,No,01
2025-01-11,06:00,datasource2,No,No,01
2025-01-11,08:00,datasource2,fox,No,01
2025-01-11,00:00,datasource3,fox,No,01
2025-01-11,02:00,datasource3,tiger,No,01
2025-01-11,04:00,datasource3,No,No,01
2025-01-11,06:00,datasource3,wolf,No,01
2025-01-11,08:00,datasource3,hyena,No,01
2025-01-11,00:00,datasource4,hyena,No,01
2025-01-11,02:00,datasource4,hyena,No,01
2025-01-11,04:00,datasource4,lion,No,01
2025-01-11,06:00,datasource4,cheetah,No,01
2025-01-11,08:00,datasource4,cheetah,No,01
2025-01-12,00:00,datasource1,No,No,02
2025-01-12,02:00,datasource1,lion,No,02
2025-01-12,04:00,datasource1,cheetah,No,02
2025-01-12,06:00,datasource1,cheetah,Yes,02
2025-01-12,08:00,datasource1,fox,No,02
2025-01-12,00:00,datasource2,wolf,No,02
2025-01-12,02:00,datasource2,tiger,No,02
2025-01-12,04:00,datasource2,fox,No,02
2025-01-12,06:00,datasource2,No,No,02
2025-01-12,08:00,datasource2,lion,No,02
2025-01-12,00:00,datasource3,tiger,No,02
2025-01-12,02:00,datasource3,tiger,No,02
2025-01-12,04:00,datasource3,lion,No,02
2025-01-12,06:00,datasource3,cheetah,No,02
2025-01-12,08:00,datasource3,No,No,02
2025-01-12,00:00,datasource4,cheetah,No,02
2025-01-12,02:00,datasource4,cheetah,No,02
2025-01-12,04:00,datasource4,wolf,No,02
2025-01-12,06:00,datasource4,tiger,No,02
2025-01-12,08:00,datasource4,tiger,No,02
2025-01-13,00:00,datasource1,wolf,No,02
2025-01-13,02:00,datasource1,wolf,No,02
2025-01-13,04:00,datasource1,cheetah,No,02
2025-01-13,06:00,datasource1,cheetah,No,02
2025-01-13,08:00,datasource1,wolf,No,02
2025-01-13,00:00,datasource2,lion,No,02
2025-01-13,02:00,datasource2,cheetah,No,02
2025-01-13,04:00,datasource2,fox,No,02
2025-01-13,06:00,datasource2,tiger,No,02
2025-01-13,08:00,datasource2,lion,No,02
2025-01-13,00:00,datasource3,cheetah,No,02
2025-01-13,02:00,datasource3,fox,Yes,02
2025-01-13,04:00,datasource3,tiger,No,02
2025-01-13,06:00,datasource3,wolf,No,02
2025-01-13,08:00,datasource3,tiger,Yes,02
2025-01-13,00:00,datasource4,cheetah,No,02
2025-01-13,02:00,datasource4,tiger,No,02
2025-01-13,04:00,datasource4,fox,No,02
2025-01-13,06:00,datasource4,fox,No,02
2025-01-13,08:00,datasource4,wolf,No,02
2025-01-14,00:00,datasource1,hyena,No,02
2025-01-14,02:00,datasource1,fox,No,02
2025-01-14,04:00,datasource1,No,No,02
2025-01-14,06:00,datasource1,hyena,Yes,02
2025-01-14,08:00,datasource1,lion,No,02
2025-01-14,00:00,datasource2,fox,No,02
2025-01-14,02:00,datasource2,cheetah,No,02
2025-01-14,04:00,datasource2,lion,No,02
2025-01-14,06:00,datasource2,fox,No,02
2025-01-14,08:00,datasource2,fox,Yes,02
2025-01-14,00:00,datasource3,tiger,No,02
2025-01-14,02:00,datasource3,cheetah,No,02
2025-01-14,04:00,datasource3,hyena,No,02
2025-01-14,06:00,datasource3,hyena,No,02
2025-01-14,08:00,datasource3,lion,No,02
2025-01-14,00:00,datasource4,fox,No,02
2025-01-14,02:00,datasource4,hyena,No,02
2025-01-14,04:00,datasource4,cheetah,No,02
2025-01-14,06:00,datasource4,wolf,No,02
2025-01-14,08:00,datasource4,cheetah,No,02
2025-01-15,00:00,datasource1,cheetah,No,02
2025-01-15,02:00,datasource1,lion,No,02
2025-01-15,04:00,datasource1,tiger,No,02
2025-01-15,06:00,datasource1,fox,No,02
2025-01-15,08:00,datasource1,hyena,No,02
2025-01-15,00:00,datasource2,fox,No,02
2025-01-15,02:00,datasource2,lion,No,02
2025-01-15,04:00,datasource2,fox,No,02
2025-01-15,06:00,datasource2,wolf,No,02
2025-01-15,08:00,datasource2,No,No,02
2025-01-15,00:00,datasource3,lion,No,02
2025-01-15,02:00,datasource3,fox,No,02
2025-01-15,04:00,datasource3,lion,No,02
2025-01-15,06:00,datasource3,fox,No,02
2025-01-15,08:00,datasource3,cheetah,Yes,02
2025-01-15,00:00,datasource4,wolf,No,02
2025-01-15,02:00,datasource4,hyena,No,02
2025-01-15,04:00,datasource4,No,No,02
2025-01-15,06:00,datasource4,cheetah,No,02
2025-01-15,08:00,datasource4,hyena,No,02
2025-01-16,00:00,datasource1,fox,No,02
2025-01-16,02:00,datasource1,No,No,02
2025-01-16,04:00,datasource1,hyena,No,02
2025-01-16,06:00,datasource1,hyena,No,02
2025-01-16,08:00,datasource1,fox,No,02
2025-01-16,00:00,datasource2,No,No,02
2025-01-16,02:00,datasource2,hyena,No,02
2025-01-16,04:00,datasource2,No,No,02
2025-01-16,06:00,datasource2,wolf,No,02
2025-01-16,08:00,datasource2,cheetah,No,02
2025-01-16,00:00,datasource3,lion,No,02
2025-01-16,02:00,datasource3,fox,No,02
2025-01-16,04:00,datasource3,hyena,No,02
2025-01-16,06:00,datasource3,wolf,No,02
2025-01-16,08:00,datasource3,wolf,No,02
2025-01-16,00:00,datasource4,tiger,No,02
2025-01-16,02:00,datasource4,wolf,No,02
2025-01-16,04:00,datasource4,cheetah,No,02
2025-01-16,06:00,datasource4,hyena,No,02
2025-01-16,08:00,datasource4,fox,No,02
2025-01-17,00:00,datasource1,fox,No,02
2025-01-17,02:00,datasource1,hyena,No,02
2025-01-17,04:00,datasource1,cheetah,No,02
2025-01-17,06:00,datasource1,tiger,No,02
2025-01-17,08:00,datasource1,lion,No,02
2025-01-17,00:00,datasource2,wolf,No,02
2025-01-17,02:00,datasource2,cheetah,No,02
2025-01-17,04:00,datasource2,tiger,No,02
2025-01-17,06:00,datasource2,cheetah,No,02
2025-01-17,08:00,datasource2,hyena,No,02
2025-01-17,00:00,datasource3,wolf,No,02
2025-01-17,02:00,datasource3,hyena,No,02
2025-01-17,04:00,datasource3,No,No,02
2025-01-17,06:00,datasource3,cheetah,No,02
2025-01-17,08:00,datasource3,wolf,No,02
2025-01-17,00:00,datasource4,wolf,No,02
2025-01-17,02:00,datasource4,hyena,No,02
2025-01-17,04:00,datasource4,tiger,No,02
2025-01-17,06:00,datasource4,lion,No,02
2025-01-17,08:00,datasource4,cheetah,Yes,02
2025-01-18,00:00,datasource1,tiger,No,02
2025-01-18,02:00,datasource1,wolf,No,02
2025-01-18,04:00,datasource1,lion,No,02
2025-01-18,06:00,datasource1,hyena,No,02
2025-01-18,08:00,datasource1,tiger,No,02
2025-01-18,00:00,datasource2,fox,No,02
2025-01-18,02:00,datasource2,wolf,No,02
2025-01-18,04:00,datasource2,fox,No,02
2025-01-18,06:00,datasource2,hyena,No,02
2025-01-18,08:00,datasource2,lion,No,02
2025-01-18,00:00,datasource3,tiger,No,02
2025-01-18,02:00,datasource3,hyena,No,02
2025-01-18,04:00,datasource3,tiger,No,02
2025-01-18,06:00,datasource3,cheetah,Yes,02
2025-01-18,08:00,datasource3,lion,No,02
2025-01-18,00:00,datasource4,hyena,No,02
2025-01-18,02:00,datasource4,tiger,No,02
2025-01-18,04:00,datasource4,cheetah,No,02
2025-01-18,06:00,datasource4,tiger,No,02
2025-01-18,08:00,datasource4,wolf,No,02
2025-01-19,00:00,datasource1,wolf,No,03
2025-01-19,02:00,datasource1,fox,No,03
2025-01-19,04:00,datasource1,fox,No,03
2025-01-19,06:00,datasource1,wolf,No,03
2025-01-19,08:00,datasource1,cheetah,No,03
2025-01-19,00:00,datasource2,tiger,No,03
2025-01-19,02:00,datasource2,lion,No,03
2025-01-19,04:00,datasource2,tiger,No,03
2025-01-19,06:00,datasource2,lion,No,03
2025-01-19,08:00,datasource2,fox,No,03
2025-01-19,00:00,datasource3,fox,No,03
2025-01-19,02:00,datasource3,fox,No,03
2025-01-19,04:00,datasource3,fox,No,03
2025-01-19,06:00,datasource3,cheetah,No,03
2025-01-19,08:00,datasource3,hyena,No,03
2025-01-19,00:00,datasource4,fox,No,03
2025-01-19,02:00,datasource4,cheetah,No,03
2025-01-19,04:00,datasource4,cheetah,No,03
2025-01-19,06:00,datasource4,cheetah,No,03
2025-01-19,08:00,datasource4,hyena,No,03
2025-01-20,00:00,datasource1,cheetah,No,03
2025-01-20,02:00,datasource1,hyena,No,03
2025-01-20,04:00,datasource1,fox,No,03
2025-01-20,06:00,datasource1,fox,No,03
2025-01-20,08:00,datasource1,No,No,03
2025-01-20,00:00,datasource2,lion,No,03
2025-01-20,02:00,datasource2,fox,No,03
2025-01-20,04:00,datasource2,lion,No,03
2025-01-20,06:00,datasource2,cheetah,No,03
2025-01-20,08:00,datasource2,cheetah,No,03
2025-01-20,00:00,datasource3,hyena,No,03
2025-01-20,02:00,datasource3,tiger,No,03
2025-01-20,04:00,datasource3,wolf,No,03
2025-01-20,06:00,datasource3,hyena,No,03
2025-01-20,08:00,datasource3,cheetah,No,03
2025-01-20,00:00,datasource4,fox,No,03
2025-01-20,02:00,datasource4,fox,No,03
2025-01-20,04:00,datasource4,hyena,No,03
2025-01-20,06:00,datasource4,fox,No,03
2025-01-20,08:00,datasource4,tiger,No,03
2025-01-21,00:00,datasource1,fox,No,03
2025-01-21,02:00,datasource1,lion,No,03
2025-01-21,04:00,datasource1,tiger,No,03
2025-01-21,06:00,datasource1,tiger,No,03
2025-01-21,08:00,datasource1,hyena,No,03
2025-01-21,00:00,datasource2,hyena,No,03
2025-01-21,02:00,datasource2,hyena,No,03
2025-01-21,04:00,datasource2,cheetah,No,03
2025-01-21,06:00,datasource2,fox,No,03
2025-01-21,08:00,datasource2,wolf,No,03
2025-01-21,00:00,datasource3,wolf,No,03
2025-01-21,02:00,datasource3,tiger,No,03
2025-01-21,04:00,datasource3,wolf,No,03
2025-01-21,06:00,datasource3,wolf,No,03
2025-01-21,08:00,datasource3,hyena,No,03
2025-01-21,00:00,datasource4,hyena,No,03
2025-01-21,02:00,datasource4,lion,No,03
2025-01-21,04:00,datasource4,No,No,03
2025-01-21,06:00,datasource4,fox,No,03
2025-01-21,08:00,datasource4,lion,No,03
2025-01-22,00:00,datasource1,tiger,No,03
2025-01-22,02:00,datasource1,hyena,No,03
2025-01-22,04:00,datasource1,wolf,No,03
2025-01-22,06:00,datasource1,cheetah,No,03
2025-01-22,08:00,datasource1,cheetah,No,03
2025-01-22,00:00,datasource2,lion,No,03
2025-01-22,02:00,datasource2,lion,No,03
2025-01-22,04:00,datasource2,cheetah,No,03
2025-01-22,06:00,datasource2,cheetah,No,03
2025-01-22,08:00,datasource2,hyena,No,03
2025-01-22,00:00,datasource3,cheetah,No,03
2025-01-22,02:00,datasource3,lion,No,03
2025-01-22,04:00,datasource3,hyena,No,03
2025-01-22,06:00,datasource3,wolf,No,03
2025-01-22,08:00,datasource3,hyena,No,03
2025-01-22,00:00,datasource4,cheetah,No,03
2025-01-22,02:00,datasource4,tiger,No,03
2025-01-22,04:00,datasource4,tiger,No,03
2025-01-22,06:00,datasource4,cheetah,No,03
2025-01-22,08:00,datasource4,cheetah,No,03
2025-01-23,00:00,datasource1,wolf,No,03
2025-01-23,02:00,datasource1,tiger,No,03
2025-01-23,04:00,datasource1,cheetah,No,03
2025-01-23,06:00,datasource1,wolf,No,03
2025-01-23,08:00,datasource1,hyena,No,03
2025-01-23,00:00,datasource2,tiger,No,03
2025-01-23,02:00,datasource2,fox,No,03
2025-01-23,04:00,datasource2,lion,No,03
2025-01-23,06:00,datasource2,wolf,No,03
2025-01-23,08:00,datasource2,wolf,No,03
2025-01-23,00:00,datasource3,wolf,No,03
2025-01-23,02:00,datasource3,lion,No,03
2025-01-23,04:00,datasource3,tiger,No,03
2025-01-23,06:00,datasource3,No,No,03
2025-01-23,08:00,datasource3,fox,No,03
2025-01-23,00:00,datasource4,wolf,No,03
2025-01-23,02:00,datasource4,tiger,No,03
2025-01-23,04:00,datasource4,lion,No,03
2025-01-23,06:00,datasource4,lion,No,03
2025-01-23,08:00,datasource4,cheetah,No,03
2025-01-24,00:00,datasource1,wolf,No,03
2025-01-24,02:00,datasource1,hyena,No,03
2025-01-24,04:00,datasource1,wolf,No,03
2025-01-24,06:00,datasource1,fox,No,03
2025-01-24,08:00,datasource1,tiger,No,03
2025-01-24,00:00,datasource2,lion,No,03
2025-01-24,02:00,datasource2,fox,No,03
2025-01-24,04:00,datasource2,cheetah,No,03
2025-01-24,06:00,datasource2,fox,Yes,03
2025-01-24,08:00,datasource2,wolf,No,03
2025-01-24,00:00,datasource3,cheetah,No,03
2025-01-24,02:00,datasource3,wolf,No,03
2025-01-24,04:00,datasource3,hyena,No,03
2025-01-24,06:00,datasource3,fox,No,03
2025-01-24,08:00,datasource3,cheetah,No,03
2025-01-24,00:00,datasource4,cheetah,No,03
2025-01-24,02:00,datasource4,wolf,No,03
2025-01-24,04:00,datasource4,lion,No,03
2025-01-24,06:00,datasource4,fox,No,03
2025-01-24,08:00,datasource4,fox,Yes,03
2025-01-25,00:00,datasource1,hyena,No,03
2025-01-25,02:00,datasource1,hyena,No,03
2025-01-25,04:00,datasource1,lion,No,03
2025-01-25,06:00,datasource1,tiger,No,03
2025-01-25,08:00,datasource1,cheetah,No,03
2025-01-25,00:00,datasource2,hyena,No,03
2025-01-25,02:00,datasource2,tiger,No,03
2025-01-25,04:00,datasource2,wolf,No,03
2025-01-25,06:00,datasource2,No,No,03
2025-01-25,08:00,datasource2,lion,No,03
2025-01-25,00:00,datasource3,fox,No,03
2025-01-25,02:00,datasource3,cheetah,No,03
2025-01-25,04:00,datasource3,wolf,No,03
2025-01-25,06:00,datasource3,hyena,No,03
2025-01-25,08:00,datasource3,lion,No,03
2025-01-25,00:00,datasource4,cheetah,Yes,03
2025-01-25,02:00,datasource4,wolf,No,03
2025-01-25,04:00,datasource4,tiger,No,03
2025-01-25,06:00,datasource4,tiger,Yes,03
2025-01-25,08:00,datasource4,wolf,No,03
2025-01-26,00:00,datasource1,tiger,Yes,04
2025-01-26,02:00,datasource1,fox,Yes,04
2025-01-26,04:00,datasource1,No,No,04
2025-01-26,06:00,datasource1,fox,No,04
2025-01-26,08:00,datasource1,lion,Yes,04
2025-01-26,00:00,datasource2,wolf,No,04
2025-01-26,02:00,datasource2,cheetah,No,04
2025-01-26,04:00,datasource2,lion,No,04
2025-01-26,06:00,datasource2,tiger,No,04
2025-01-26,08:00,datasource2,fox,No,04
2025-01-26,00:00,datasource3,lion,No,04
2025-01-26,02:00,datasource3,cheetah,No,04
2025-01-26,04:00,datasource3,fox,No,04
2025-01-26,06:00,datasource3,lion,No,04
2025-01-26,08:00,datasource3,tiger,No,04
2025-01-26,00:00,datasource4,wolf,No,04
2025-01-26,02:00,datasource4,tiger,No,04
2025-01-26,04:00,datasource4,hyena,No,04
2025-01-26,06:00,datasource4,fox,No,04
2025-01-26,08:00,datasource4,fox,No,04
2025-01-27,00:00,datasource1,hyena,No,04
2025-01-27,02:00,datasource1,tiger,No,04
2025-01-27,04:00,datasource1,tiger,No,04
2025-01-27,06:00,datasource1,wolf,No,04
2025-01-27,08:00,datasource1,cheetah,No,04
2025-01-27,00:00,datasource2,lion,No,04
2025-01-27,02:00,datasource2,tiger,No,04
2025-01-27,04:00,datasource2,tiger,No,04
2025-01-27,06:00,datasource2,cheetah,No,04
2025-01-27,08:00,datasource2,hyena,Yes,04
2025-01-27,00:00,datasource3,hyena,No,04
2025-01-27,02:00,datasource3,fox,No,04
2025-01-27,04:00,datasource3,No,No,04
2025-01-27,06:00,datasource3,tiger,No,04
2025-01-27,08:00,datasource3,hyena,No,04
2025-01-27,00:00,datasource4,lion,No,04
2025-01-27,02:00,datasource4,hyena,No,04
2025-01-27,04:00,datasource4,fox,No,04
2025-01-27,06:00,datasource4,fox,No,04
2025-01-27,08:00,datasource4,tiger,No,04
2025-01-28,00:00,datasource1,hyena,No,04
2025-01-28,02:00,datasource1,cheetah,No,04
2025-01-28,04:00,datasource1,lion,No,04
2025-01-28,06:00,datasource1,fox,No,04
2025-01-28,08:00,datasource1,cheetah,No,04
2025-01-28,00:00,datasource2,wolf,No,04
2025-01-28,02:00,datasource2,No,No,04
2025-01-28,04:00,datasource2,hyena,No,04
2025-01-28,06:00,datasource2,hyena,No,04
2025-01-28,08:00,datasource2,hyena,No,04
2025-01-28,00:00,datasource3,tiger,No,04
2025-01-28,02:00,datasource3,hyena,No,04
2025-01-28,04:00,datasource3,cheetah,No,04
2025-01-28,06:00,datasource3,cheetah,No,04
2025-01-28,08:00,datasource3,cheetah,No,04
2025-01-28,00:00,datasource4,fox,No,04
2025-01-28,02:00,datasource4,cheetah,No,04
2025-01-28,04:00,datasource4,wolf,No,04
2025-01-28,06:00,datasource4,hyena,No,04
2025-01-28,08:00,datasource4,hyena,No,04
2025-01-29,00:00,datasource1,tiger,Yes,04
2025-01-29,02:00,datasource1,lion,No,04
2025-01-29,04:00,datasource1,tiger,No,04
2025-01-29,06:00,datasource1,wolf,No,04
2025-01-29,08:00,datasource1,hyena,No,04
2025-01-29,00:00,datasource2,fox,No,04
2025-01-29,02:00,datasource2,lion,No,04
2025-01-29,04:00,datasource2,wolf,No,04
2025-01-29,06:00,datasource2,tiger,No,04
2025-01-29,08:00,datasource2,cheetah,No,04
2025-01-29,00:00,datasource3,lion,No,04
2025-01-29,02:00,datasource3,wolf,No,04
2025-01-29,04:00,datasource3,No,No,04
2025-01-29,06:00,datasource3,cheetah,No,04
2025-01-29,08:00,datasource3,fox,No,04
2025-01-29,00:00,datasource4,lion,No,04
2025-01-29,02:00,datasource4,fox,No,04
2025-01-29,04:00,datasource4,hyena,No,04
2025-01-29,06:00,datasource4,fox,No,04
2025-01-29,08:00,datasource4,lion,No,04
2025-01-30,00:00,datasource1,cheetah,No,04
2025-01-30,02:00,datasource1,wolf,No,04
2025-01-30,04:00,datasource1,fox,No,04
2025-01-30,06:00,datasource1,tiger,No,04
2025-01-30,08:00,datasource1,fox,No,04
2025-01-30,00:00,datasource2,tiger,No,04
2025-01-30,02:00,datasource2,tiger,No,04
2025-01-30,04:00,datasource2,tiger,No,04
2025-01-30,06:00,datasource2,cheetah,No,04
2025-01-30,08:00,datasource2,lion,No,04
2025-01-30,00:00,datasource3,tiger,No,04
2025-01-30,02:00,datasource3,fox,No,04
2025-01-30,04:00,datasource3,hyena,No,04
2025-01-30,06:00,datasource3,wolf,No,04
2025-01-30,08:00,datasource3,tiger,No,04
2025-01-30,00:00,datasource4,lion,No,04
2025-01-30,02:00,datasource4,tiger,No,04
2025-01-30,04:00,datasource4,fox,No,04
2025-01-30,06:00,datasource4,hyena,No,04
2025-01-30,08:00,datasource4,lion,No,04
2025-01-31,00:00,datasource1,fox,No,04
2025-01-31,02:00,datasource1,fox,No,04
2025-01-31,04:00,datasource1,fox,No,04
2025-01-31,06:00,datasource1,fox,No,04
2025-01-31,08:00,datasource1,tiger,No,04
2025-01-31,00:00,datasource2,tiger,No,04
2025-01-31,02:00,datasource2,fox,No,04
2025-01-31,04:00,datasource2,lion,No,04
2025-01-31,06:00,datasource2,cheetah,No,04
2025-01-31,08:00,datasource2,lion,No,04
2025-01-31,00:00,datasource3,fox,No,04
2025-01-31,02:00,datasource3,fox,No,04
2025-01-31,04:00,datasource3,No,No,04
2025-01-31,06:00,datasource3,lion,No,04
2025-01-31,08:00,datasource3,hyena,No,04
2025-01-31,00:00,datasource4,hyena,No,04
2025-01-31,02:00,datasource4,No,No,04
2025-01-31,04:00,datasource4,fox,No,04
2025-01-31,06:00,datasource4,lion,No,04
2025-01-31,08:00,datasource4,fox,No,04
2025-02-01,00:00,datasource1,cheetah,No,04
2025-02-01,02:00,datasource1,cheetah,No,04
2025-02-01,04:00,datasource1,cheetah,No,04
2025-02-01,06:00,datasource1,No,No,04
2025-02-01,08:00,datasource1,tiger,No,04
2025-02-01,00:00,datasource2,No,No,04
2025-02-01,02:00,datasource2,wolf,Yes,04
2025-02-01,04:00,datasource2,cheetah,No,04
2025-02-01,06:00,datasource2,fox,No,04
2025-02-01,08:00,datasource2,fox,No,04
2025-02-01,00:00,datasource3,cheetah,No,04
2025-02-01,02:00,datasource3,tiger,No,04
2025-02-01,04:00,datasource3,hyena,No,04
2025-02-01,06:00,datasource3,hyena,No,04
2025-02-01,08:00,datasource3,tiger,Yes,04
2025-02-01,00:00,datasource4,lion,No,04
2025-02-01,02:00,datasource4,tiger,No,04
2025-02-01,04:00,datasource4,hyena,No,04
2025-02-01,06:00,datasource4,fox,No,04
2025-02-01,08:00,datasource4,lion,No,04
2025-02-02,00:00,datasource1,tiger,No,05
2025-02-02,02:00,datasource1,hyena,No,05
2025-02-02,04:00,datasource1,hyena,No,05
2025-02-02,06:00,datasource1,wolf,No,05
2025-02-02,08:00,datasource1,No,No,05
2025-02-02,00:00,datasource2,fox,Yes,05
2025-02-02,02:00,datasource2,fox,No,05
2025-02-02,04:00,datasource2,wolf,No,05
2025-02-02,06:00,datasource2,hyena,No,05
2025-02-02,08:00,datasource2,hyena,Yes,05
2025-02-02,00:00,datasource3,lion,No,05
2025-02-02,02:00,datasource3,tiger,No,05
2025-02-02,04:00,datasource3,cheetah,No,05
2025-02-02,06:00,datasource3,tiger,No,05
2025-02-02,08:00,datasource3,cheetah,No,05
2025-02-02,00:00,datasource4,fox,No,05
2025-02-02,02:00,datasource4,fox,No,05
2025-02-02,04:00,datasource4,wolf,No,05
2025-02-02,06:00,datasource4,wolf,No,05
2025-02-02,08:00,datasource4,tiger,No,05
2025-02-03,00:00,datasource1,hyena,No,05
2025-02-03,02:00,datasource1,tiger,No,05
2025-02-03,04:00,datasource1,cheetah,No,05
2025-02-03,06:00,datasource1,fox,No,05
2025-02-03,08:00,datasource1,lion,No,05
2025-02-03,00:00,datasource2,hyena,No,05
2025-02-03,02:00,datasource2,lion,No,05
2025-02-03,04:00,datasource2,lion,No,05
2025-02-03,06:00,datasource2,tiger,No,05
2025-02-03,08:00,datasource2,No,No,05
2025-02-03,00:00,datasource3,wolf,No,05
2025-02-03,02:00,datasource3,wolf,No,05
2025-02-03,04:00,datasource3,cheetah,No,05
2025-02-03,06:00,datasource3,tiger,Yes,05
2025-02-03,08:00,datasource3,tiger,No,05
2025-02-03,00:00,datasource4,wolf,No,05
2025-02-03,02:00,datasource4,lion,No,05
2025-02-03,04:00,datasource4,lion,No,05
2025-02-03,06:00,datasource4,lion,No,05
2025-02-03,08:00,datasource4,tiger,No,05
2025-02-04,00:00,datasource1,cheetah,No,05
2025-02-04,02:00,datasource1,fox,No,05
2025-02-04,04:00,datasource1,wolf,No,05
2025-02-04,06:00,datasource1,wolf,No,05
2025-02-04,08:00,datasource1,No,No,05
2025-02-04,00:00,datasource2,fox,No,05
2025-02-04,02:00,datasource2,hyena,No,05
2025-02-04,04:00,datasource2,tiger,No,05
2025-02-04,06:00,datasource2,hyena,No,05
2025-02-04,08:00,datasource2,lion,No,05
2025-02-04,00:00,datasource3,tiger,No,05
2025-02-04,02:00,datasource3,hyena,No,05
2025-02-04,04:00,datasource3,fox,No,05
2025-02-04,06:00,datasource3,fox,No,05
2025-02-04,08:00,datasource3,tiger,No,05
2025-02-04,00:00,datasource4,cheetah,Yes,05
2025-02-04,02:00,datasource4,tiger,No,05
2025-02-04,04:00,datasource4,wolf,No,05
2025-02-04,06:00,datasource4,tiger,No,05
2025-02-04,08:00,datasource4,cheetah,No,05
2025-02-05,00:00,datasource1,hyena,No,05
2025-02-05,02:00,datasource1,tiger,No,05
2025-02-05,04:00,datasource1,lion,No,05
2025-02-05,06:00,datasource1,fox,No,05
2025-02-05,08:00,datasource1,cheetah,No,05
2025-02-05,00:00,datasource2,lion,No,05
2025-02-05,02:00,datasource2,fox,No,05
2025-02-05,04:00,datasource2,lion,No,05
2025-02-05,06:00,datasource2,wolf,No,05
2025-02-05,08:00,datasource2,tiger,No,05
2025-02-05,00:00,datasource3,lion,No,05
2025-02-05,02:00,datasource3,cheetah,No,05
2025-02-05,04:00,datasource3,cheetah,No,05
2025-02-05,06:00,datasource3,tiger,No,05
2025-02-05,08:00,datasource3,hyena,No,05
2025-02-05,00:00,datasource4,tiger,No,05
2025-02-05,02:00,datasource4,wolf,No,05
2025-02-05,04:00,datasource4,fox,No,05
2025-02-05,06:00,datasource4,tiger,No,05
2025-02-05,08:00,datasource4,hyena,No,05
2025-02-06,00:00,datasource1,No,No,05
2025-02-06,02:00,datasource1,wolf,No,05
2025-02-06,04:00,datasource1,tiger,No,05
2025-02-06,06:00,datasource1,tiger,No,05
2025-02-06,08:00,datasource1,wolf,No,05
2025-02-06,00:00,datasource2,fox,No,05
2025-02-06,02:00,datasource2,cheetah,No,05
2025-02-06,04:00,datasource2,cheetah,No,05
2025-02-06,06:00,datasource2,lion,No,05
2025-02-06,08:00,datasource2,cheetah,No,05
2025-02-06,00:00,datasource3,wolf,No,05
2025-02-06,02:00,datasource3,cheetah,No,05
2025-02-06,04:00,datasource3,hyena,Yes,05
2025-02-06,06:00,datasource3,wolf,Yes,05
2025-02-06,08:00,datasource3,hyena,No,05
2025-02-06,00:00,datasource4,tiger,No,05
2025-02-06,02:00,datasource4,fox,No,05
2025-02-06,04:00,datasource4,tiger,No,05
2025-02-06,06:00,datasource4,cheetah,No,05
2025-02-06,08:00,datasource4,No,No,05
2025-02-07,00:00,datasource1,fox,No,05
2025-02-07,02:00,datasource1,lion,No,05
2025-02-07,04:00,datasource1,No,No,05
2025-02-07,06:00,datasource1,cheetah,No,05
2025-02-07,08:00,datasource1,hyena,Yes,05
2025-02-07,00:00,datasource2,hyena,No,05
2025-02-07,02:00,datasource2,fox,Yes,05
2025-02-07,04:00,datasource2,hyena,No,05
2025-02-07,06:00,datasource2,cheetah,No,05
2025-02-07,08:00,datasource2,No,No,05
2025-02-07,00:00,datasource3,wolf,No,05
2025-02-07,02:00,datasource3,hyena,No,05
2025-02-07,04:00,datasource3,lion,No,05
2025-02-07,06:00,datasource3,wolf,No,05
2025-02-07,08:00,datasource3,tiger,No,05
2025-02-07,00:00,datasource4,hyena,No,05
2025-02-07,02:00,datasource4,lion,No,05
2025-02-07,04:00,datasource4,wolf,No,05
2025-02-07,06:00,datasource4,wolf,No,05
2025-02-07,08:00,datasource4,fox,No,05
2025-02-08,00:00,datasource1,lion,No,05
2025-02-08,02:00,datasource1,hyena,No,05
2025-02-08,04:00,datasource1,wolf,No,05
2025-02-08,06:00,datasource1,hyena,No,05
2025-02-08,08:00,datasource1,cheetah,No,05
2025-02-08,00:00,datasource2,lion,No,05
2025-02-08,02:00,datasource2,wolf,No,05
2025-02-08,04:00,datasource2,lion,No,05
2025-02-08,06:00,datasource2,fox,No,05
2025-02-08,08:00,datasource2,No,No,05
2025-02-08,00:00,datasource3,hyena,No,05
2025-02-08,02:00,datasource3,cheetah,No,05
2025-02-08,04:00,datasource3,wolf,No,05
2025-02-08,06:00,datasource3,cheetah,No,05
2025-02-08,08:00,datasource3,tiger,No,05
2025-02-08,00:00,datasource4,fox,No,05
2025-02-08,02:00,datasource4,lion,No,05
2025-02-08,04:00,datasource4,No,Yes,05
2025-02-08,06:00,datasource4,fox,No,05
2025-02-08,08:00,datasource4,tiger,No,05
2025-02-09,00:00,datasource1,hyena,No,06
2025-02-09,02:00,datasource1,lion,No,06
2025-02-09,04:00,datasource1,lion,No,06
2025-02-09,06:00,datasource1,tiger,No,06
2025-02-09,08:00,datasource1,wolf,No,06
2025-02-09,00:00,datasource2,fox,No,06
2025-02-09,02:00,datasource2,cheetah,No,06
2025-02-09,04:00,datasource2,fox,No,06
2025-02-09,06:00,datasource2,tiger,No,06
2025-02-09,08:00,datasource2,lion,No,06
2025-02-09,00:00,datasource3,fox,No,06
2025-02-09,02:00,datasource3,cheetah,No,06
2025-02-09,04:00,datasource3,hyena,No,06
2025-02-09,06:00,datasource3,cheetah,No,06
2025-02-09,08:00,datasource3,lion,No,06
2025-02-09,00:00,datasource4,hyena,No,06
2025-02-09,02:00,datasource4,hyena,No,06
2025-02-09,04:00,datasource4,cheetah,No,06
2025-02-09,06:00,datasource4,hyena,No,06
2025-02-09,08:00,datasource4,lion,No,06
2025-02-10,00:00,datasource1,wolf,No,06
2025-02-10,02:00,datasource1,fox,No,06
2025-02-10,04:00,datasource1,hyena,No,06
2025-02-10,06:00,datasource1,wolf,No,06
2025-02-10,08:00,datasource1,hyena,No,06
2025-02-10,00:00,datasource2,hyena,Yes,06
2025-02-10,02:00,datasource2,wolf,No,06
2025-02-10,04:00,datasource2,tiger,No,06
2025-02-10,06:00,datasource2,wolf,No,06
2025-02-10,08:00,datasource2,fox,No,06
2025-02-10,00:00,datasource3,wolf,No,06
2025-02-10,02:00,datasource3,fox,No,06
2025-02-10,04:00,datasource3,hyena,No,06
2025-02-10,06:00,datasource3,wolf,No,06
2025-02-10,08:00,datasource3,tiger,No,06
2025-02-10,00:00,datasource4,hyena,No,06
2025-02-10,02:00,datasource4,cheetah,No,06
2025-02-10,04:00,datasource4,fox,No,06
2025-02-10,06:00,datasource4,lion,No,06
2025-02-10,08:00,datasource4,cheetah,No,06
2025-02-11,00:00,datasource1,fox,No,06
2025-02-11,02:00,datasource1,fox,No,06
2025-02-11,04:00,datasource1,fox,Yes,06
2025-02-11,06:00,datasource1,tiger,No,06
2025-02-11,08:00,datasource1,wolf,No,06
2025-02-11,00:00,datasource2,hyena,No,06
2025-02-11,02:00,datasource2,cheetah,No,06
2025-02-11,04:00,datasource2,fox,No,06
2025-02-11,06:00,datasource2,lion,No,06
2025-02-11,08:00,datasource2,hyena,No,06
2025-02-11,00:00,datasource3,hyena,No,06
2025-02-11,02:00,datasource3,cheetah,No,06
2025-02-11,04:00,datasource3,No,No,06
2025-02-11,06:00,datasource3,wolf,No,06
2025-02-11,08:00,datasource3,cheetah,No,06
2025-02-11,00:00,datasource4,wolf,No,06
2025-02-11,02:00,datasource4,hyena,No,06
2025-02-11,04:00,datasource4,hyena,No,06
2025-02-11,06:00,datasource4,wolf,No,06
2025-02-11,08:00,datasource4,tiger,No,06
2025-02-12,00:00,datasource1,cheetah,No,06
2025-02-12,02:00,datasource1,hyena,No,06
2025-02-12,04:00,datasource1,cheetah,No,06
2025-02-12,06:00,datasource1,cheetah,No,06
2025-02-12,08:00,datasource1,No,No,06
2025-02-12,00:00,datasource2,wolf,No,06
2025-02-12,02:00,datasource2,hyena,No,06
2025-02-12,04:00,datasource2,No,No,06
2025-02-12,06:00,datasource2,cheetah,No,06
2025-02-12,08:00,datasource2,cheetah,No,06
2025-02-12,00:00,datasource3,hyena,No,06
2025-02-12,02:00,datasource3,lion,No,06
2025-02-12,04:00,datasource3,wolf,Yes,06
2025-02-12,06:00,datasource3,wolf,No,06
2025-02-12,08:00,datasource3,hyena,No,06
2025-02-12,00:00,datasource4,wolf,No,06
2025-02-12,02:00,datasource4,tiger,No,06
2025-02-12,04:00,datasource4,fox,No,06
2025-02-12,06:00,datasource4,cheetah,No,06
2025-02-12,08:00,datasource4,hyena,No,06
2025-02-13,00:00,datasource1,hyena,No,06
2025-02-13,02:00,datasource1,hyena,No,06
2025-02-13,04:00,datasource1,tiger,No,06
2025-02-13,06:00,datasource1,wolf,Yes,06
2025-02-13,08:00,datasource1,fox,No,06
2025-02-13,00:00,datasource2,fox,No,06
2025-02-13,02:00,datasource2,wolf,No,06
2025-02-13,04:00,datasource2,lion,Yes,06
2025-02-13,06:00,datasource2,tiger,Yes,06
2025-02-13,08:00,datasource2,lion,No,06
2025-02-13,00:00,datasource3,lion,No,06
2025-02-13,02:00,datasource3,wolf,No,06
2025-02-13,04:00,datasource3,cheetah,No,06
2025-02-13,06:00,datasource3,wolf,No,06
2025-02-13,08:00,datasource3,lion,No,06
2025-02-13,00:00,datasource4,hyena,No,06
2025-02-13,02:00,datasource4,wolf,No,06
2025-02-13,04:00,datasource4,fox,No,06
2025-02-13,06:00,datasource4,fox,No,06
2025-02-13,08:00,datasource4,fox,No,06
2025-02-14,00:00,datasource1,tiger,No,06
2025-02-14,02:00,datasource1,wolf,No,06
2025-02-14,04:00,datasource1,tiger,No,06
2025-02-14,06:00,datasource1,fox,No,06
2025-02-14,08:00,datasource1,tiger,Yes,06
2025-02-14,00:00,datasource2,fox,No,06
2025-02-14,02:00,datasource2,tiger,No,06
2025-02-14,04:00,datasource2,wolf,No,06
2025-02-14,06:00,datasource2,tiger,No,06
2025-02-14,08:00,datasource2,wolf,No,06
2025-02-14,00:00,datasource3,fox,No,06
2025-02-14,02:00,datasource3,tiger,No,06
2025-02-14,04:00,datasource3,No,No,06
2025-02-14,06:00,datasource3,lion,No,06
2025-02-14,08:00,datasource3,wolf,No,06
2025-02-14,00:00,datasource4,fox,No,06
2025-02-14,02:00,datasource4,tiger,No,06
2025-02-14,04:00,datasource4,fox,Yes,06
2025-02-14,06:00,datasource4,lion,No,06
2025-02-14,08:00,datasource4,No,No,06
2025-02-15,00:00,datasource1,tiger,No,06
2025-02-15,02:00,datasource1,lion,No,06
2025-02-15,04:00,datasource1,cheetah,Yes,06
2025-02-15,06:00,datasource1,wolf,No,06
2025-02-15,08:00,datasource1,tiger,No,06
2025-02-15,00:00,datasource2,wolf,No,06
2025-02-15,02:00,datasource2,lion,No,06
2025-02-15,04:00,datasource2,tiger,No,06
2025-02-15,06:00,datasource2,hyena,No,06
2025-02-15,08:00,datasource2,fox,No,06
2025-02-15,00:00,datasource3,lion,No,06
2025-02-15,02:00,datasource3,lion,No,06
2025-02-15,04:00,datasource3,lion,No,06
2025-02-15,06:00,datasource3,fox,No,06
2025-02-15,08:00,datasource3,tiger,No,06
2025-02-15,00:00,datasource4,lion,No,06
2025-02-15,02:00,datasource4,fox,No,06
2025-02-15,04:00,datasource4,hyena,No,06
2025-02-15,06:00,datasource4,lion,No,06
2025-02-15,08:00,datasource4,tiger,No,06
2025-02-16,00:00,datasource1,tiger,No,07
2025-02-16,02:00,datasource1,fox,No,07
2025-02-16,04:00,datasource1,fox,No,07
2025-02-16,06:00,datasource1,wolf,No,07
2025-02-16,08:00,datasource1,wolf,No,07
2025-02-16,00:00,datasource2,cheetah,No,07
2025-02-16,02:00,datasource2,wolf,No,07
2025-02-16,04:00,datasource2,tiger,No,07
2025-02-16,06:00,datasource2,No,No,07
2025-02-16,08:00,datasource2,fox,No,07
2025-02-16,00:00,datasource3,wolf,Yes,07
2025-02-16,02:00,datasource3,cheetah,No,07
2025-02-16,04:00,datasource3,hyena,No,07
2025-02-16,06:00,datasource3,cheetah,No,07
2025-02-16,08:00,datasource3,hyena,No,07
2025-02-16,00:00,datasource4,tiger,Yes,07
2025-02-16,02:00,datasource4,cheetah,No,07
2025-02-16,04:00,datasource4,wolf,No,07
2025-02-16,06:00,datasource4,tiger,No,07
2025-02-16,08:00,datasource4,fox,No,07
2025-02-17,00:00,datasource1,hyena,No,07
2025-02-17,02:00,datasource1,hyena,No,07
2025-02-17,04:00,datasource1,No,No,07
2025-02-17,06:00,datasource1,fox,No,07
2025-02-17,08:00,datasource1,wolf,No,07
2025-02-17,00:00,datasource2,cheetah,No,07
2025-02-17,02:00,datasource2,hyena,No,07
2025-02-17,04:00,datasource2,fox,No,07
2025-02-17,06:00,datasource2,wolf,No,07
2025-02-17,08:00,datasource2,wolf,No,07
2025-02-17,00:00,datasource3,lion,No,07
2025-02-17,02:00,datasource3,cheetah,Yes,07
2025-02-17,04:00,datasource3,lion,No,07
2025-02-17,06:00,datasource3,tiger,No,07
2025-02-17,08:00,datasource3,lion,No,07
2025-02-17,00:00,datasource4,lion,No,07
2025-02-17,02:00,datasource4,No,Yes,07
2025-02-17,04:00,datasource4,wolf,No,07
2025-02-17,06:00,datasource4,wolf,No,07
2025-02-17,08:00,datasource4,fox,Yes,07
2025-02-18,00:00,datasource1,lion,No,07
2025-02-18,02:00,datasource1,hyena,No,07
2025-02-18,04:00,datasource1,tiger,No,07
2025-02-18,06:00,datasource1,lion,No,07
2025-02-18,08:00,datasource1,hyena,No,07
2025-02-18,00:00,datasource2,tiger,No,07
2025-02-18,02:00,datasource2,tiger,No,07
2025-02-18,04:00,datasource2,tiger,No,07
2025-02-18,06:00,datasource2,fox,No,07
2025-02-18,08:00,datasource2,tiger,No,07
2025-02-18,00:00,datasource3,hyena,No,07
2025-02-18,02:00,datasource3,hyena,No,07
2025-02-18,04:00,datasource3,wolf,No,07
2025-02-18,06:00,datasource3,tiger,No,07
2025-02-18,08:00,datasource3,lion,No,07
2025-02-18,00:00,datasource4,hyena,No,07
2025-02-18,02:00,datasource4,tiger,No,07
2025-02-18,04:00,datasource4,tiger,No,07
2025-02-18,06:00,datasource4,fox,No,07
2025-02-18,08:00,datasource4,No,No,07
2025-02-19,00:00,datasource1,cheetah,No,07
2025-02-19,02:00,datasource1,No,No,07
2025-02-19,04:00,datasource1,fox,No,07
2025-02-19,06:00,datasource1,tiger,No,07
2025-02-19,08:00,datasource1,lion,No,07
2025-02-19,00:00,datasource2,wolf,No,07
2025-02-19,02:00,datasource2,wolf,No,07
2025-02-19,04:00,datasource2,wolf,No,07
2025-02-19,06:00,datasource2,wolf,No,07
2025-02-19,08:00,datasource2,wolf,No,07
2025-02-19,00:00,datasource3,cheetah,No,07
2025-02-19,02:00,datasource3,No,No,07
2025-02-19,04:00,datasource3,lion,Yes,07
2025-02-19,06:00,datasource3,cheetah,No,07
2025-02-19,08:00,datasource3,No,No,07
2025-02-19,00:00,datasource4,No,No,07
2025-02-19,02:00,datasource4,tiger,No,07
2025-02-19,04:00,datasource4,cheetah,No,07
2025-02-19,06:00,datasource4,fox,No,07
2025-02-19,08:00,datasource4,hyena,No,07
2025-02-20,00:00,datasource1,tiger,No,07
2025-02-20,02:00,datasource1,No,No,07
2025-02-20,04:00,datasource1,tiger,No,07
2025-02-20,06:00,datasource1,fox,No,07
2025-02-20,08:00,datasource1,lion,No,07
2025-02-20,00:00,datasource2,cheetah,No,07
2025-02-20,02:00,datasource2,hyena,No,07
2025-02-20,04:00,datasource2,hyena,No,07
2025-02-20,06:00,datasource2,fox,No,07
2025-02-20,08:00,datasource2,wolf,No,07
2025-02-20,00:00,datasource3,wolf,No,07
2025-02-20,02:00,datasource3,fox,No,07
2025-02-20,04:00,datasource3,fox,No,07
2025-02-20,06:00,datasource3,cheetah,Yes,07
2025-02-20,08:00,datasource3,tiger,No,07
2025-02-20,00:00,datasource4,cheetah,No,07
2025-02-20,02:00,datasource4,tiger,No,07
2025-02-20,04:00,datasource4,hyena,No,07
2025-02-20,06:00,datasource4,hyena,No,07
2025-02-20,08:00,datasource4,hyena,No,07
2025-02-21,00:00,datasource1,tiger,No,07
2025-02-21,02:00,datasource1,hyena,No,07
2025-02-21,04:00,datasource1,cheetah,No,07
2025-02-21,06:00,datasource1,fox,No,07
2025-02-21,08:00,datasource1,lion,No,07
2025-02-21,00:00,datasource2,hyena,No,07
2025-02-21,02:00,datasource2,hyena,No,07
2025-02-21,04:00,datasource2,fox,No,07
2025-02-21,06:00,datasource2,fox,No,07
2025-02-21,08:00,datasource2,tiger,No,07
2025-02-21,00:00,datasource3,wolf,No,07
2025-02-21,02:00,datasource3,tiger,No,07
2025-02-21,04:00,datasource3,wolf,No,07
2025-02-21,06:00,datasource3,fox,Yes,07
2025-02-21,08:00,datasource3,fox,No,07
2025-02-21,00:00,datasource4,lion,No,07
2025-02-21,02:00,datasource4,No,No,07
2025-02-21,04:00,datasource4,hyena,No,07
2025-02-21,06:00,datasource4,wolf,No,07
2025-02-21,08:00,datasource4,cheetah,No,07
2025-02-22,00:00,datasource1,fox,No,07
2025-02-22,02:00,datasource1,fox,No,07
2025-02-22,04:00,datasource1,tiger,No,07
2025-02-22,06:00,datasource1,tiger,No,07
2025-02-22,08:00,datasource1,wolf,No,07
2025-02-22,00:00,datasource2,wolf,No,07
2025-02-22,02:00,datasource2,fox,No,07
2025-02-22,04:00,datasource2,fox,No,07
2025-02-22,06:00,datasource2,wolf,No,07
2025-02-22,08:00,datasource2,lion,No,07
2025-02-22,00:00,datasource3,No,No,07
2025-02-22,02:00,datasource3,wolf,No,07
2025-02-22,04:00,datasource3,tiger,No,07
2025-02-22,06:00,datasource3,wolf,No,07
2025-02-22,08:00,datasource3,wolf,No,07
2025-02-22,00:00,datasource4,fox,No,07
2025-02-22,02:00,datasource4,tiger,No,07
2025-02-22,04:00,datasource4,lion,No,07
2025-02-22,06:00,datasource4,lion,No,07
2025-02-22,08:00,datasource4,No,No,07
2025-02-23,00:00,datasource1,lion,No,08
2025-02-23,02:00,datasource1,No,No,08
2025-02-23,04:00,datasource1,wolf,No,08
2025-02-23,06:00,datasource1,fox,No,08
2025-02-23,08:00,datasource1,fox,No,08
2025-02-23,00:00,datasource2,lion,No,08
2025-02-23,02:00,datasource2,tiger,No,08
2025-02-23,04:00,datasource2,tiger,No,08
2025-02-23,06:00,datasource2,wolf,No,08
2025-02-23,08:00,datasource2,cheetah,No,08
2025-02-23,00:00,datasource3,hyena,No,08
2025-02-23,02:00,datasource3,fox,No,08
2025-02-23,04:00,datasource3,tiger,No,08
2025-02-23,06:00,datasource3,cheetah,No,08
2025-02-23,08:00,datasource3,wolf,No,08
2025-02-23,00:00,datasource4,tiger,No,08
2025-02-23,02:00,datasource4,hyena,Yes,08
2025-02-23,04:00,datasource4,fox,No,08
2025-02-23,06:00,datasource4,cheetah,No,08
2025-02-23,08:00,datasource4,cheetah,No,08
2025-02-24,00:00,datasource1,fox,No,08
2025-02-24,02:00,datasource1,wolf,No,08
2025-02-24,04:00,datasource1,hyena,No,08
2025-02-24,06:00,datasource1,lion,No,08
2025-02-24,08:00,datasource1,fox,No,08
2025-02-24,00:00,datasource2,wolf,No,08
2025-02-24,02:00,datasource2,cheetah,No,08
2025-02-24,04:00,datasource2,tiger,No,08
2025-02-24,06:00,datasource2,wolf,No,08
2025-02-24,08:00,datasource2,lion,No,08
2025-02-24,00:00,datasource3,lion,No,08
2025-02-24,02:00,datasource3,cheetah,No,08
2025-02-24,04:00,datasource3,fox,No,08
2025-02-24,06:00,datasource3,wolf,No,08
2025-02-24,08:00,datasource3,fox,No,08
2025-02-24,00:00,datasource4,cheetah,No,08
2025-02-24,02:00,datasource4,tiger,No,08
2025-02-24,04:00,datasource4,fox,No,08
2025-02-24,06:00,datasource4,fox,No,08
2025-02-24,08:00,datasource4,hyena,No,08
2025-02-25,00:00,datasource1,fox,No,08
2025-02-25,02:00,datasource1,cheetah,No,08
2025-02-25,04:00,datasource1,cheetah,No,08
2025-02-25,06:00,datasource1,wolf,No,08
2025-02-25,08:00,datasource1,wolf,No,08
2025-02-25,00:00,datasource2,tiger,Yes,08
2025-02-25,02:00,datasource2,cheetah,No,08
2025-02-25,04:00,datasource2,lion,No,08
2025-02-25,06:00,datasource2,fox,No,08
2025-02-25,08:00,datasource2,No,No,08
2025-02-25,00:00,datasource3,cheetah,No,08
2025-02-25,02:00,datasource3,cheetah,No,08
2025-02-25,04:00,datasource3,lion,No,08
2025-02-25,06:00,datasource3,cheetah,No,08
2025-02-25,08:00,datasource3,cheetah,No,08
2025-02-25,00:00,datasource4,cheetah,No,08
2025-02-25,02:00,datasource4,cheetah,No,08
2025-02-25,04:00,datasource4,fox,No,08
2025-02-25,06:00,datasource4,cheetah,No,08
2025-02-25,08:00,datasource4,tiger,No,08
2025-02-26,00:00,datasource1,wolf,No,08
2025-02-26,02:00,datasource1,No,No,08
2025-02-26,04:00,datasource1,wolf,No,08
2025-02-26,06:00,datasource1,hyena,No,08
2025-02-26,08:00,datasource1,wolf,No,08
2025-02-26,00:00,datasource2,wolf,No,08
2025-02-26,02:00,datasource2,wolf,Yes,08
2025-02-26,04:00,datasource2,wolf,No,08
2025-02-26,06:00,datasource2,cheetah,No,08
2025-02-26,08:00,datasource2,wolf,No,08
2025-02-26,00:00,datasource3,lion,No,08
2025-02-26,02:00,datasource3,fox,No,08
2025-02-26,04:00,datasource3,fox,No,08
2025-02-26,06:00,datasource3,cheetah,No,08
2025-02-26,08:00,datasource3,fox,No,08
2025-02-26,00:00,datasource4,lion,No,08
2025-02-26,02:00,datasource4,fox,No,08
2025-02-26,04:00,datasource4,fox,No,08
2025-02-26,06:00,datasource4,cheetah,No,08
2025-02-26,08:00,datasource4,fox,No,08
2025-02-27,00:00,datasource1,tiger,No,08
2025-02-27,02:00,datasource1,fox,No,08
2025-02-27,04:00,datasource1,hyena,No,08
2025-02-27,06:00,datasource1,tiger,No,08
2025-02-27,08:00,datasource1,hyena,No,08
2025-02-27,00:00,datasource2,tiger,No,08
2025-02-27,02:00,datasource2,lion,No,08
2025-02-27,04:00,datasource2,wolf,No,08
2025-02-27,06:00,datasource2,hyena,Yes,08
2025-02-27,08:00,datasource2,cheetah,No,08
2025-02-27,00:00,datasource3,lion,No,08
2025-02-27,02:00,datasource3,lion,No,08
2025-02-27,04:00,datasource3,fox,No,08
2025-02-27,06:00,datasource3,cheetah,No,08
2025-02-27,08:00,datasource3,fox,No,08
2025-02-27,00:00,datasource4,tiger,No,08
2025-02-27,02:00,datasource4,lion,No,08
2025-02-27,04:00,datasource4,lion,No,08
2025-02-27,06:00,datasource4,hyena,No,08
2025-02-27,08:00,datasource4,hyena,Yes,08
2025-02-28,00:00,datasource1,hyena,No,08
2025-02-28,02:00,datasource1,hyena,No,08
2025-02-28,04:00,datasource1,tiger,No,08
2025-02-28,06:00,datasource1,fox,No,08
2025-02-28,08:00,datasource1,cheetah,No,08
2025-02-28,00:00,datasource2,wolf,No,08
2025-02-28,02:00,datasource2,No,No,08
2025-02-28,04:00,datasource2,No,No,08
2025-02-28,06:00,datasource2,wolf,No,08
2025-02-28,08:00,datasource2,hyena,No,08
2025-02-28,00:00,datasource3,hyena,No,08
2025-02-28,02:00,datasource3,fox,No,08
2025-02-28,04:00,datasource3,wolf,No,08
2025-02-28,06:00,datasource3,wolf,No,08
2025-02-28,08:00,datasource3,tiger,No,08
2025-02-28,00:00,datasource4,lion,No,08
2025-02-28,02:00,datasource4,wolf,No,08
2025-02-28,04:00,datasource4,lion,No,08
2025-02-28,06:00,datasource4,cheetah,No,08
2025-02-28,08:00,datasource4,lion,No,08
2025-03-01,00:00,datasource1,tiger,No,08
2025-03-01,02:00,datasource1,lion,No,08
2025-03-01,04:00,datasource1,fox,No,08
2025-03-01,06:00,datasource1,fox,No,08
2025-03-01,08:00,datasource1,fox,No,08
2025-03-01,00:00,datasource2,lion,No,08
2025-03-01,02:00,datasource2,lion,No,08
2025-03-01,04:00,datasource2,wolf,No,08
2025-03-01,06:00,datasource2,tiger,No,08
2025-03-01,08:00,datasource2,cheetah,No,08
2025-03-01,00:00,datasource3,hyena,No,08
2025-03-01,02:00,datasource3,hyena,No,08
2025-03-01,04:00,datasource3,lion,No,08
2025-03-01,06:00,datasource3,tiger,No,08
2025-03-01,08:00,datasource3,fox,No,08
2025-03-01,00:00,datasource4,cheetah,Yes,08
2025-03-01,02:00,datasource4,wolf,No,08
2025-03-01,04:00,datasource4,cheetah,No,08
2025-03-01,06:00,datasource4,fox,No,08
2025-03-01,08:00,datasource4,tiger,No,08
2025-03-02,00:00,datasource1,lion,No,09
2025-03-02,02:00,datasource1,tiger,No,09
2025-03-02,04:00,datasource1,lion,No,09
2025-03-02,06:00,datasource1,lion,No,09
2025-03-02,08:00,datasource1,lion,No,09
2025-03-02,00:00,datasource2,tiger,No,09
2025-03-02,02:00,datasource2,wolf,No,09
2025-03-02,04:00,datasource2,wolf,No,09
2025-03-02,06:00,datasource2,tiger,No,09
2025-03-02,08:00,datasource2,fox,No,09
2025-03-02,00:00,datasource3,wolf,No,09
2025-03-02,02:00,datasource3,tiger,No,09
2025-03-02,04:00,datasource3,lion,No,09
2025-03-02,06:00,datasource3,hyena,No,09
2025-03-02,08:00,datasource3,lion,No,09
2025-03-02,00:00,datasource4,hyena,No,09
2025-03-02,02:00,datasource4,hyena,No,09
2025-03-02,04:00,datasource4,wolf,No,09
2025-03-02,06:00,datasource4,cheetah,No,09
2025-03-02,08:00,datasource4,cheetah,No,09
2025-03-03,00:00,datasource1,lion,No,09
2025-03-03,02:00,datasource1,wolf,No,09
2025-03-03,04:00,datasource1,wolf,No,09
2025-03-03,06:00,datasource1,No,No,09
2025-03-03,08:00,datasource1,hyena,No,09
2025-03-03,00:00,datasource2,cheetah,No,09
2025-03-03,02:00,datasource2,fox,No,09
2025-03-03,04:00,datasource2,lion,No,09
2025-03-03,06:00,datasource2,wolf,No,09
2025-03-03,08:00,datasource2,tiger,No,09
2025-03-03,00:00,datasource3,wolf,No,09
2025-03-03,02:00,datasource3,fox,No,09
2025-03-03,04:00,datasource3,wolf,No,09
2025-03-03,06:00,datasource3,wolf,No,09
2025-03-03,08:00,datasource3,tiger,No,09
2025-03-03,00:00,datasource4,hyena,No,09
2025-03-03,02:00,datasource4,hyena,No,09
2025-03-03,04:00,datasource4,fox,No,09
2025-03-03,06:00,datasource4,lion,No,09
2025-03-03,08:00,datasource4,wolf,No,09
2025-03-04,00:00,datasource1,fox,Yes,09
2025-03-04,02:00,datasource1,hyena,No,09
2025-03-04,04:00,datasource1,tiger,No,09
2025-03-04,06:00,datasource1,cheetah,No,09
2025-03-04,08:00,datasource1,tiger,No,09
2025-03-04,00:00,datasource2,fox,No,09
2025-03-04,02:00,datasource2,wolf,No,09
2025-03-04,04:00,datasource2,fox,No,09
2025-03-04,06:00,datasource2,cheetah,No,09
2025-03-04,08:00,datasource2,hyena,No,09
2025-03-04,00:00,datasource3,lion,No,09
2025-03-04,02:00,datasource3,wolf,No,09
2025-03-04,04:00,datasource3,lion,No,09
2025-03-04,06:00,datasource3,No,No,09
2025-03-04,08:00,datasource3,fox,No,09
2025-03-04,00:00,datasource4,tiger,No,09
2025-03-04,02:00,datasource4,wolf,No,09
2025-03-04,04:00,datasource4,lion,No,09
2025-03-04,06:00,datasource4,lion,No,09
2025-03-04,08:00,datasource4,hyena,No,09
2025-03-05,00:00,datasource1,cheetah,No,09
2025-03-05,02:00,datasource1,hyena,No,09
2025-03-05,04:00,datasource1,tiger,No,09
2025-03-05,06:00,datasource1,hyena,No,09
2025-03-05,08:00,datasource1,hyena,No,09
2025-03-05,00:00,datasource2,fox,No,09
2025-03-05,02:00,datasource2,hyena,No,09
2025-03-05,04:00,datasource2,tiger,No,09
2025-03-05,06:00,datasource2,hyena,No,09
2025-03-05,08:00,datasource2,tiger,No,09
2025-03-05,00:00,datasource3,hyena,No,09
2025-03-05,02:00,datasource3,tiger,No,09
2025-03-05,04:00,datasource3,tiger,No,09
2025-03-05,06:00,datasource3,fox,No,09
2025-03-05,08:00,datasource3,fox,No,09
2025-03-05,00:00,datasource4,lion,No,09
2025-03-05,02:00,datasource4,wolf,No,09
2025-03-05,04:00,datasource4,hyena,No,09
2025-03-05,06:00,datasource4,lion,No,09
2025-03-05,08:00,datasource4,cheetah,No,09
2025-03-06,00:00,datasource1,hyena,No,09
2025-03-06,02:00,datasource1,tiger,Yes,09
2025-03-06,04:00,datasource1,hyena,No,09
2025-03-06,06:00,datasource1,cheetah,No,09
2025-03-06,08:00,datasource1,tiger,No,09
2025-03-06,00:00,datasource2,cheetah,No,09
2025-03-06,02:00,datasource2,wolf,No,09
2025-03-06,04:00,datasource2,lion,No,09
2025-03-06,06:00,datasource2,lion,No,09
2025-03-06,08:00,datasource2,lion,No,09
2025-03-06,00:00,datasource3,cheetah,Yes,09
2025-03-06,02:00,datasource3,hyena,No,09
2025-03-06,04:00,datasource3,lion,Yes,09
2025-03-06,06:00,datasource3,cheetah,No,09
2025-03-06,08:00,datasource3,hyena,No,09
2025-03-06,00:00,datasource4,tiger,No,09
2025-03-06,02:00,datasource4,wolf,No,09
2025-03-06,04:00,datasource4,hyena,No,09
2025-03-06,06:00,datasource4,lion,No,09
2025-03-06,08:00,datasource4,cheetah,No,09
2025-03-07,00:00,datasource1,tiger,No,09
2025-03-07,02:00,datasource1,lion,No,09
2025-03-07,04:00,datasource1,wolf,No,09
2025-03-07,06:00,datasource1,cheetah,Yes,09
2025-03-07,08:00,datasource1,fox,No,09
2025-03-07,00:00,datasource2,hyena,No,09
2025-03-07,02:00,datasource2,fox,No,09
2025-03-07,04:00,datasource2,hyena,No,09
2025-03-07,06:00,datasource2,tiger,No,09
2025-03-07,08:00,datasource2,No,No,09
2025-03-07,00:00,datasource3,fox,No,09
2025-03-07,02:00,datasource3,fox,No,09
2025-03-07,04:00,datasource3,cheetah,No,09
2025-03-07,06:00,datasource3,wolf,No,09
2025-03-07,08:00,datasource3,fox,No,09
2025-03-07,00:00,datasource4,wolf,No,09
2025-03-07,02:00,datasource4,hyena,No,09
2025-03-07,04:00,datasource4,lion,No,09
2025-03-07,06:00,datasource4,hyena,No,09
2025-03-07,08:00,datasource4,cheetah,No,09
2025-03-08,00:00,datasource1,hyena,No,09
2025-03-08,02:00,datasource1,wolf,No,09
2025-03-08,04:00,datasource1,tiger,Yes,09
2025-03-08,06:00,datasource1,wolf,No,09
2025-03-08,08:00,datasource1,fox,No,09
2025-03-08,00:00,datasource2,tiger,No,09
2025-03-08,02:00,datasource2,fox,No,09
2025-03-08,04:00,datasource2,cheetah,No,09
2025-03-08,06:00,datasource2,hyena,No,09
2025-03-08,08:00,datasource2,cheetah,No,09
2025-03-08,00:00,datasource3,lion,No,09
2025-03-08,02:00,datasource3,wolf,No,09
2025-03-08,04:00,datasource3,wolf,No,09
2025-03-08,06:00,datasource3,wolf,No,09
2025-03-08,08:00,datasource3,cheetah,No,09
2025-03-08,00:00,datasource4,hyena,No,09
2025-03-08,02:00,datasource4,hyena,No,09
2025-03-08,04:00,datasource4,lion,No,09
2025-03-08,06:00,datasource4,fox,No,09
2025-03-08,08:00,datasource4,wolf,No,09
2025-03-09,00:00,datasource1,cheetah,No,10
2025-03-09,02:00,datasource1,cheetah,No,10
2025-03-09,04:00,datasource1,hyena,No,10
2025-03-09,06:00,datasource1,tiger,No,10
2025-03-09,08:00,datasource1,wolf,No,10
2025-03-09,00:00,datasource2,tiger,No,10
2025-03-09,02:00,datasource2,cheetah,No,10
2025-03-09,04:00,datasource2,lion,No,10
2025-03-09,06:00,datasource2,hyena,No,10
2025-03-09,08:00,datasource2,cheetah,No,10
2025-03-09,00:00,datasource3,wolf,No,10
2025-03-09,02:00,datasource3,tiger,No,10
2025-03-09,04:00,datasource3,fox,No,10
2025-03-09,06:00,datasource3,lion,No,10
2025-03-09,08:00,datasource3,cheetah,No,10
2025-03-09,00:00,datasource4,wolf,No,10
2025-03-09,02:00,datasource4,cheetah,No,10
2025-03-09,04:00,datasource4,cheetah,No,10
2025-03-09,06:00,datasource4,lion,No,10
2025-03-09,08:00,datasource4,wolf,No,10
